email,password
wheeledhosea@mac.com,tran:Cription
steyharland@gmail.com,3)G0Z`56hnSPz[
gaucheveta@mac.com,69);u35"C(b$
solepennons@att.net,$23^/&'U@|0i
stoppedchris@hotmail.com,warmings
bungdonnie@msn.com,fluorOscope{s
corkedsean@live.com,choom4
logfermin@att.net,quotes
slatethao@att.net,spouse
doomsreposed@gmail.com,b$Ellowers
paceddaniel@yahoo.com,[Q}[;w^(W56;
mightybakes@gmail.com,feuar7
lippedchesmore@email.com,p&aReu091
fainbeverley@aol.com,]]3%B%w'o+x^
lichtflyspeck@mail.com,"275P|4U{m^$@
pappybinkiewicz@aol.com,lamBrequin(s
stretchjaunita@mail.com,[^Q`@258.i[x`
shearedhuminski@gmail.com,?A{D+31+9620!
muchrobby@hotmail.com,fyke33
bloomyjappa@hotmail.co.uk,drunks
twinnedtrolly@hotmail.com,'3}m5T/04>K(5
slumbransfield@msn.com,lAc>una34
wizenzoom@hotmail.com,tRansmon^tane
stemmedsamara@att.net,tughrik
liefgranville@live.com,wj7~1k7<e44b8
blondstephani@gmx.com,07J}7{U0GH04
curstriley@verizon.net,ect&asIs2
somewisespean@hotmail.com,${!;G4)73]u7QS
passedsusan@yahoo.com,proToxi.des
keptcutcher@hotmail.co.uk,)[|7.;92+`xL}>
straitgerald@mac.com,4>6(307}6?/w
hippedreid@hotmail.com,dint75
mauvefern@gmx.com,70)?2et6G(7g$
blowsylandwehr@aol.com,chouses
vaguelysync@me.com,![9KR`27N%900
luxehoyt@email.com,regai#nEr
stagedarchie@hotmail.co.uk,qY)hI)Dc8'1@#
nuttystrike@yahoo.co.uk,maN^dolins
foggedbarney@gmail.com,Gallantr(ies
doucelyfrags@gmx.com,t=ymPanums
ploptoning@att.net,spews8
nowedhayden@comcast.net,guava4
slunghortensia@msn.com,Y#.?W@3)7D04
curkendrick@yahoo.co.uk,7:5/9W!?:&~q%6
chordalcertain@gmx.com,'}/<%:s;WzwJw%
musefulwords@mac.com,fruSt.rations
milledperch@yahoo.co.uk,writer
eildlajuana@yahoo.co.uk,poms71
downstageevilsizor@aol.com,curvet
twillkathlene@att.net,lA`vation
toounlock@mac.com,E[isteddfod
evensbale@msn.com,R#'k")`%6#6;@>
tidelesswindley@me.com,~7n[1[.5VI5?|
spangbelied@gmail.com,8325;!:Q@[D]9V
kindsherryl@live.com,l)34??Y.r9!a]5
soughtvirginia@mac.com,6)646{k6$25>06
downwardstaint@aol.com,pApe[rwork
smokeddelmar@comcast.net,;);970]W254w
lorndave@hotmail.com,hydrosp`heRe
gameyplaint@mail.com,t3O2~s:?U+~N&2
geyoutlays@yahoo.com,&346+|z4YRbMa
mereangelina@yahoo.com,cacAo19)8
newlygang@yahoo.com,W:ffZ![2]>y6
gunnedturcio@verizon.net,#J:h^5hVj!Az79
strawloris@msn.com,&]1j?3"sp{2z
nettaurore@verizon.net,sei]smogRam
crankburl@live.com,apogRa:ph
cunninggaunce@msn.com,chott9
fringednaoma@yahoo.com,0|(]p<?%J0g4CL
damnclashes@yahoo.co.uk,hvj1E'a?9@fkHm
onshorescrog@live.com,hawkweeds
veiledbrianne@hotmail.co.uk,fisc85
merealexiou@comcast.net,!9BXC/{5"V1|=B
cheekjube@hotmail.co.uk,x57'08k>#r>32!
smashedshemeka@att.net,1B257^^+6rY@
woundhilton@att.net,iQ3Un{@%19/'j!
eelyescobio@me.com,dE0i4!@[k$7{dt
cedarnwhys@gmail.com,5.=R&L[P3|@|%T
elseroland@att.net,&8;15I89[o4.
juicyroebuck@mac.com,%+%[M1+J|/sf
hippedruss@aol.com,[4<68&6m@YZH
gunsfran@mail.com,5z05J/K>y/{764
simplexbegaye@aol.com,g=^7473O67"^^
afireanway@comcast.net,vines6
paleebonie@live.com,6Onq3j?E+`<)
coupedrolando@comcast.net,u"N2q3]{:6T68
leafedheigh@msn.com,(c9Ay+`5).(32W
smugmuriel@att.net,sambas
eathshredded@hotmail.com,said99
primfredrick@email.com,85+^k}9}63aA
corkedmclauchlen@mac.com,swaths
quaintpasswords@hotmail.co.uk,hardtack
crazedrich@gmx.com,h>oLotype
strungmargarito@comcast.net,gisarme
lushwonda@comcast.net,faggots
beneinnerve@hotmail.com,graders
tauntalison@att.net,humpbacks
athirstkielman@gmail.com,9:388w~d:3`X=
thatbredes@mail.com,imbro|gLio
boiledsalvador@verizon.net,helminths
referkay@msn.com,shebeen
customveasman@mail.com,V]/6;2)T9I){7
whorledbernetta@live.com,enhancem&eNts
fitshane@mac.com,rainInes#s
intervirgilio@mac.com,litUus1}9
emptiedtrough@mail.com,creeses
byedunch@gmx.com,inTe&rface
bugscarol@msn.com,bluff0
mustpastille@yahoo.com,coons3
stalkeddrude@yahoo.com,voussoir
lowserosario@yahoo.co.uk,#6.a6?0!2i|Qui
madlewis@mac.com,mainsails
sloshedvickie@yahoo.com,coU{nterplots
glumsanjuanita@hotmail.com,O8!i?4q`9$dP
schlockluisa@verizon.net,raZz`ias1
mauveyoko@hotmail.co.uk,mild67
soleezekiel@me.com,crOup(ier
aneisiah@hotmail.co.uk,)>0J$u+o2=v3N
whencescrouge@mail.com,worse4
sighfultat@mail.com,3{=4>][5720{6Z
chillbubbly@gmail.com,$|5"|<8/`+=a{
jimporlando@mac.com,Mis)feasor
cleanlyaxe@yahoo.com,rebatemEn!t
fraughttonda@live.com,{qasiDas3
peltingsteads@yahoo.com,regiSt<rants
rudelywon@att.net,ceMenti[te
crownedcombos@verizon.net,8}75~dn#<4+;
weightyrogol@gmx.com,P3OM4''0V69;
lealalejandrina@verizon.net,S58].E2k~=3)]&
lithecompline@verizon.net,)62:76+<q$9y
gorgedjack@hotmail.co.uk,3'4%}=3(|+6j'
boulledebbra@email.com,childbed
blownpeag@gmx.com,?`.W1M^L6rA7[
bedwardneeds@live.com,pAntag?raph
pertlyspools@gmx.com,1}<570xIO93}/T
semicharts@yahoo.com,fUndam@ents
dourdeshawn@live.com,mage15
addedcurreri@comcast.net,A/mboyna7
fledgedpurrs@comcast.net,+.5Md/0B7Y!/
maskedpanniers@me.com,rail28
beigehoward@gmail.com,woodwor+kiNg
liefjoni@yahoo.co.uk,trangams
widedemetrius@live.com,boo?kselLer
laighlilla@mac.com,Si'miles5
mimbill@me.com,cupcakes
grabgena@gmx.com,taMa+ble2
curmargarito@email.com,M+D/gs#&)Y2b
yarejesica@me.com,hayride
obliqueheme@mail.com,O?704?o7/0=M)
tornrudy@gmx.com,appeTi@te
toughwilbur@yahoo.com,Exedra6"5
howscribble@verizon.net,appeTite"s
giltelisabeth@hotmail.com,ses/tercEs
shrillchristopher@hotmail.co.uk,U[=Q331>"|?n:'
strungmacphee@att.net,peplo]sEs
amplyhint@me.com,mallam
freshmanbirdsey@verizon.net,burbot
sewnmelvina@mac.com,?'E5"!W4}006%
antjenell@mac.com,harms7
skimclod@msn.com,Wo/rkhouses
yawningkaralis@yahoo.com,/L!2"Po?z]q]$
yorerhumbas@aol.com,kachiN{as
liketobias@me.com,S?`;pv9`s5{P]
quitsmathew@hotmail.com,4c]&n44v7Vm4
blearwoodrow@gmail.com,miomb}Os2
rangedisabell@gmx.com,0(3'[ff~9<5R)4
rakedjamel@email.com,&certaintiEs
beigebrook@me.com,p19`g9?n{Bk^']
ruffedmilagros@comcast.net,ya!rramAns
muchstan@email.com,W6>@sIA?^reO1
voicedcud@me.com,lA:ndlordism
downstreamboats@yahoo.co.uk,08h2`D~/[jd>
rifedori@hotmail.com,&`2kJO2)4{~$
widesmatters@email.com,k9"06/I021864
tritetrenton@comcast.net,o$rtolaNs
wrothmelnick@gmx.com,zooms0
blestharriett@gmx.com,licoR.ice
brokejacquelynn@mac.com,Vh~<)7W5ZN.8
slantgrowcock@att.net,diocEse$9
mildlysieve@msn.com,^a[$1p6`>+{X
lonebuena@gmail.com,scull1
blowzedqueendom@gmx.com,runch5
pissednathanael@gmail.com,=F08:B&95"1?
ainpritchet@me.com,M.(0l:?D]:1o
ninthskives@verizon.net,knars1
mildlyshove@aol.com,Sailor~ing
proudharp@yahoo.com,0j.c^V.M4{9'9
nintharmando@msn.com,9u&0>v!+S@1&.k
unchargesalvage@me.com,Win|triness
wayswhine@live.com,eight1
heeledmerle@email.com,draughter
grandlycloke@gmx.com,09'IKL@N.H"([
choppybermejo@mac.com,roSace"s0
plicalwolz@yahoo.co.uk,pillage
cervinearm@yahoo.co.uk,bijou6
cuspedrichelle@mac.com,seepage
booncharleen@hotmail.com,hatch6
screwedtrinity@comcast.net,peck09
loopedgigs@email.com,^t1v8.7`9/:B7
vulnedweisbecker@att.net,timid0
incurvedbjorn@mac.com,quadrille
slainnimmer@mail.com,quiNoa;s1
shillshawn@mac.com,z1#Pc~13.)tOr
frigidkraig@msn.com,boyfriend
meeksherie@att.net,babas2
thaemichiko@email.com,bout94
lukewarmcaccamo@verizon.net,vilAy=et4
newlyfell@verizon.net,me?rceRy8
bungslogs@email.com,tEtra^pod
mutedparnin@hotmail.co.uk,redes7
primmicah@live.com,yapps1
thriceclarts@mail.com,ca`lYptra
tressedgenaro@hotmail.co.uk,slug44
thintiff@email.com,conv[eniNg
lowsemyron@att.net,mitt10
trimbloats@gmx.com,duEn>nas9
crownedlinnie@mail.com,monog?Raphs
premorseambrosia@live.com,wharf2
haltlavinia@yahoo.co.uk,keystone
sprymanzanilla@live.com,whare5
sheerorbs@gmail.com,quarrian
famedrecher@gmx.com,buss85
milecomfit@gmail.com,hum578
brutemicheal@att.net,2lDfE'547&)Hp4
fierceyuk@aol.com,L4b?(uAc9/Q@
minionglint@msn.com,swards
yeahgroans@mac.com,sleigh
suavehealds@att.net,defe<rmenTs
scarceoutspans@att.net,9W"&;515?11)1O
cuspedprills@mail.com,torus1
bugsollie@hotmail.co.uk,chagrins
frorerobbie@me.com,gAl$antine
headsruts@gmx.com,norther
dudsasha@me.com,cAlipe~rs
soothdino@yahoo.co.uk,ove%rdraugHt
lankraul@mail.com,judgeship
maileddarell@hotmail.co.uk,`6i8bzL~0de6g3
saidcoral@aol.com,tuftings
skilledjack@live.com,b'ioMass9
askewsquid@live.com,<.u'}8`b=<P=j
posheneida@gmail.com,Js~"(=u45&&7
coolbrooks@yahoo.com,corniche
straightwayverge@gmail.com,w/s$2'2(6L^#
sameslunk@aol.com,!6~/qWZV[2;n
daftadan@hotmail.com,membErs$hips
sexedcastellow@live.com,alCaide[2
nextkevin@email.com,wheal8
widebradford@yahoo.co.uk,chums6
rakedcalvin@gmx.com,g1?^U~8o]#eyb
sparekeely@yahoo.com,neuters
soldpewter@msn.com,deNt;itions
toehomer@yahoo.com,)@2jIUf61NT'6
cuppedginners@me.com,glides
donestan@gmail.com,pitheads
upstagefennessy@yahoo.co.uk,prefects
thickkristan@yahoo.com,7K!2f'(d7?0~k
wingedluke@mac.com,{g2!Q!64{:i2
thenscurry@hotmail.com,w>91WxYY0X^#=3
scoresharyl@gmail.com,shag89
echtolive@att.net,keeners
fousherita@comcast.net,crouch
sweptcunning@aol.com,Z"(9/4%8".zz
darnmervin@me.com,2=9[!76/#3(?I
sheerpackets@mac.com,Q:uarrier
suchpraters@live.com,beholdiN)g
tinctporritt@live.com,73Q1]0!1`(#OB
superroyce@mac.com,bLackguardi`m
runednests@gmx.com,aqUapl|anes
crockedmaida@hotmail.com,/56oF^0j0<2{];
suaverick@msn.com,smell2
stringedjaneen@msn.com,K<lM1(`X[+g750
plumydah@email.com,penguins
spentmarna@gmail.com,O2Q7]1[F7qi":R
curstwanda@mail.com,+@X?'SP'DGNv5
wherehoorays@msn.com,calx81
mesnegroeneveld@mac.com,gruesomeN&ess
cheaprecoup@hotmail.co.uk,matcHb@arding
sadharmony@att.net,p/oPinjays
workedbontempo@gmail.com,wenches
bumdrought@email.com,cObi)a521
crabwisecroons@me.com,slurs6
fulgentgoldsmith@gmx.com,fRequen:ters
yeatips@verizon.net,soss74
sparealphonso@att.net,glim37
damncoif@hotmail.com,troupe
foullupe@aol.com,wince6
overgene@msn.com,pRotandr[y
vilemacie@aol.com,chirm4
dextroussusany@yahoo.co.uk,)08S;zs};;:|[[
sleekziebarth@live.com,PQ>4p's9Y=t~E
doiledbelotti@comcast.net,modis!hNess
mattechun@att.net,sporule
needsreplays@mail.com,'292<6ZjKx$diU
plushillstrom@msn.com,9+#1T[r86$ks
briskyuko@gmail.com,luck50
tradgerardo@yahoo.com,carpOspo<res
eightinoa@mail.com,muslin
disperselolls@live.com,assureds
chrismalmarasigan@att.net,:4|34Mb(5{tx
thussapping@live.com,ringgits
starredflaunches@yahoo.com,toucans
shrillchristian@hotmail.com,turnkey
racylohmann@comcast.net,:Z5?58=UkxdV
straymireya@mail.com,dolors
whistearline@mail.com,playroom
primalfred@aol.com,zo25OBG/649;
crankleonel@yahoo.com,498l;nPg;@e+?
dashedadan@comcast.net,esca]paDes
gibbedwillis@email.com,reflux
flexedoutdoors@email.com,coNs&ervers
hewnjonathon@comcast.net,B]6pH^3<@33h'2
ebbzahorchak@gmx.com,!1s<k%e~8~IV1{
blithelysmirch@me.com,eild30
oaredorzech@me.com,(forensiCs
tonenrol@msn.com,footfalls
rebelbauerle@yahoo.co.uk,bravad:Os
aintrudy@gmx.com,#87<z=7r0R[]=
faintcasey@yahoo.com,stepson
nutslaughinghouse@mac.com,taBorin:8
shedconnie@msn.com,posting
tonguedpadeken@live.com,cribbers
declaredportland@verizon.net,grad19
bravebarton@yahoo.com,Fc($J:WDfx7C:%
jimpalphonse@hotmail.com,h91"m:0k4(49FL
thaebessie@hotmail.co.uk,0;$?=m39`/47Os
newsyjouks@live.com,xenophiLe"s
skilledsydney@mac.com,urchin
funkychiarelli@hotmail.co.uk,kloofs
streakyhagler@live.com,halt25
sewngenaro@aol.com,unDerco!at
stemmedmirzadeh@comcast.net,clari<Nets
tornpeeve@gmx.com,66qv=ybU@5;3s
hobnailzarrillo@comcast.net,(44}[=8o9>^/5{
mesnedomenica@hotmail.com,cowaRdic+e
nighdrone@hotmail.co.uk,bites1
slylylob@att.net,charks
fainsends@email.com,|10U!67)8Vdo
hepmandi@mail.com,year57
gulesbeau@att.net,O8"|&=UzIB=};
stungminh@att.net,3];o&08}28'6w@
damnmorph@hotmail.co.uk,6x4}?9q;1'50
mailedgoldfields@gmx.com,#Eh4654=w5b]9
mildbrittani@verizon.net,prong7
thriceentrench@email.com,burhel
mutebabette@msn.com,pikas5
crawlyogan@verizon.net,workpieC"es
tressedsharron@comcast.net,pupil5
leftgaylene@verizon.net,]1~r<3A6%[urr7
jadebaddour@verizon.net,o[Uj`75619(91I
dishedsalome@hotmail.com,)`"5t~85Y2kVw
hereatsnubs@gmx.com,busbies
weedyruff@hotmail.co.uk,Adore<rs8
clippedgabriel@att.net,7~6[3Do;Y1{8
hoggedhyacinth@hotmail.com,multi`hUll
scalledsieler@gmx.com,hijacks
tenthgarrette@msn.com,divers
teenyheyden@yahoo.com,4?75K00%"9`[E
backmostfrederiksen@gmx.com,withHo(lder
prontofuzz@mac.com,!{[p':=U]7@1
ducalprick@aol.com,]5X2]=~Vx>zO$
fiercebernita@live.com,jR@+680SpI)7A
gummedpennie@yahoo.com,&l<U;%%;&P]1Gf
dashedhawks@live.com,man'ypliEs
fumedkellee@att.net,|4H>y~=20'Q2
squintauks@att.net,bra$nstormIng
checkedannette@mac.com,4.$v3q|.h=)#)F
muchryan@hotmail.co.uk,synd>Icate
crossedoverly@mail.com,"Ib"j1|Q9;.+
coupedelden@att.net,H[""[%!N8+^=6
loggarland@hotmail.co.uk,Z66VB9~6g4#bB
freshcosting@hotmail.com,9}i!$M8f"<qU!
flushoutedge@email.com,l:75'B2915X.&
rareramon@me.com,racketts
hewnkelvin@hotmail.co.uk,jerk23
sapjeanette@hotmail.co.uk,in?rushEs
forwornkennon@me.com,phosphene
featgiuseppe@yahoo.co.uk,crossette
damnraps@aol.com,gammons
cheaplawerence@email.com,shallow
huedleeanne@hotmail.co.uk,scrooges
fruityschermann@live.com,8<b2019O97lG
neatknosps@att.net,y0&[11<3;=v=C
sheergleam@email.com,44D6.hP:%>/1
domedtrussers@msn.com,heitiK%is
thalloussayne@msn.com,proCeed(ers
strayangle@mail.com,doLer=ite
merespurrings@gmx.com,chis49
nightlymads@verizon.net,0}5G#Ns64s~p
bangmums@yahoo.com,11$'3&<2}4e'm
workednuhfer@gmx.com,}[]q0I$86daJo[
tartdorcas@aol.com,1|U05'!~d~>"%
stripedjesse@mail.com,JPZ]8(cRU(%v
waurdelates@hotmail.co.uk,snoots
sentwendell@hotmail.co.uk,kifs23
swanklucius@comcast.net,"!]89]v="3s>
cowledjena@mail.com,N~Y'.@7h852!
famedburnie@comcast.net,si)liCa47
trigtawana@gmx.com,c/ubAture
eaththresa@email.com,16Y=|:$3'|r#$B
skisweat@att.net,'S9n82#23551op
crinedernesto@msn.com,flings
soddenkacerski@gmx.com,71"&5"60G@e2
sweercandance@me.com,]'6/D'7+G.]+
backhandcrumbs@aol.com,)/1^%;=m{m0e
vasthoward@me.com,jug301
statewidebite@verizon.net,=cArnivores
paletanh@yahoo.co.uk,u|<7;>[{"=5T
shrillmaegan@mail.com,i;Llusions
slicknamer@mac.com,fizzle
downwindraised@aol.com,schuits
nowedsimon@mail.com,pro}viDing
veileddanilo@verizon.net,%exOnym11
leanneville@mail.com,Sup;pertimes
everscorch@hotmail.co.uk,t|ridacNa
skismock@yahoo.com,torr63
yeldburtell@comcast.net,eyne45
stalkedadele@me.com,@=s`e]7|T3#.0^
riddomingo@email.com,eVe>ctions
saidgorse@att.net,past'urAge
tonscours@gmail.com,curl01
fakerutha@gmail.com,^`2(`6735488}1
giltcordell@live.com,midge1
staunchbrooks@yahoo.com,?t9DnK5)>'|5
soldromana@gmx.com,G]}7W13}}u6b
mownairspeed@hotmail.com,Repel?lent
shrewdswirl@hotmail.co.uk,jargons
triedsean@comcast.net,gleam7
cutefay@mac.com,903}3Wf/.#+9=e
naydating@live.com,vIsce"ra7
geyguggle@hotmail.co.uk,T62wd);~1o3y
teindnell@yahoo.co.uk,peerage
forecaput@me.com,logOg|raphs
kindtillery@comcast.net,exci'taNt
headslaze@mail.com,uglis1
briefalmeta@email.com,bilks5
sixfoldspooks@gmail.com,wides7
eightmyron@hotmail.com,"@vuY.}529709T
twpcleaves@gmail.com,handsels
elsequeuing@msn.com,deSp)otism
yesterherbster@mac.com,guile7
wudloreen@hotmail.com,EI#9B;}3g?cV
greigegracia@yahoo.co.uk,taws34
hewnmarquis@hotmail.co.uk,7(897?q#2r9'
stuffedmarioni@mail.com,imaums
fealmayra@me.com,69YXh0W24Qn:QR
leafedcanoe@att.net,r&uderaLs
tiledkim@yahoo.co.uk,cling0
sprygena@live.com,jinks2
webbedferne@verizon.net,amph/iboLes
rathelenard@att.net,conjurOr$s
coursezooms@msn.com,primi=tIves
northwardsweeps@att.net,reproof
gropingbourns@email.com,^<9;0VFd171`:
perkadrian@att.net,mongs1
sizedbradly@gmail.com,swills
feignedmitchel@yahoo.co.uk,much83
scaledkresha@hotmail.co.uk,cUrates$hip
wrothtai@live.com,spurts
tenfoldbants@msn.com,7o$^36~7B2m4
grabwinifred@mail.com,6;77`&eGL)7]"7
satedflaunts@me.com,7;7qT$pR;!P4^j
trimporsha@email.com,hardtack
archburrichter@gmx.com,chLoroplas't
popsdoodlers@mac.com,landsknec
blahbillfolds@hotmail.com,prI"oress
choiceoren@att.net,labArum+s
dourgaynelle@verizon.net,f]305+:59"V)"
natchetch@me.com,s&teeraGes
webbedcharity@aol.com,broughs
throwndonnie@yahoo.com,clans8
blownhedgerow@yahoo.co.uk,I/$<=$#(vq#SL
daftdarryl@aol.com,exto#Ller
skeighglosses@msn.com,postboy
thrawnvivian@verizon.net,?c%D896:cQ>2F
scrimprotguts@yahoo.com,%8R:/3/Q(793|
overleer@gmx.com,stalls
stopped_orpin@gmx.com,R'8:XL{PT']5
descantarkadie@hotmail.co.uk,toilsOme}ness
crosstowndelorey@yahoo.com,6?@.27.yu3<:%
shapedavery@gmail.com,9}|+1`$C}6B+
puirscarce@mac.com,nargHi}le
tankeddebroah@hotmail.co.uk,8p926}:0X#k6
thrudimling@email.com,h='5F:FM1v02rb
twiceflame@live.com,kibosh
scarceensures@live.com,chard8
antism@gmx.com,lambDacis%m
squabbrent@email.com,slice4
tangiuseppe@mail.com,rio=Ter52
splayhedgehogs@me.com,haste9
quacklehrer@me.com,[%[15[`'2'e95P
printedildefonso@att.net,frisks
brannygrabonski@mac.com,growth
damnedmarleen@msn.com,'loRimers
dangpablo@att.net,75#7)~3rcK/6F
dimdarell@att.net,6eW(X2<.0{Z)
scrubbedscafuto@gmail.com,i:Ncurrence
toldgraves@gmx.com,pre~Sumer
milchocon@yahoo.com,f+323"@~13Gd8
cutejamel@aol.com,sods44
nowtwins@hotmail.co.uk,p?Roposers
quareronna@live.com,cullies
nopeceasings@hotmail.co.uk,B.eggardom
screwedparker@comcast.net,chemise
frontlesscorms@att.net,1;<"MA7zG])z
soothstaci@yahoo.co.uk,droppings
streamlinedswill@gmx.com,sUbwarden?s
spurredmelva@comcast.net,axe389
loathsiu@yahoo.co.uk,dates1
sparserosendo@live.com,curaT"eship
snugcubebs@gmail.com,miKado4%6
moldyviolette@yahoo.com,FZ~4@0M<d7j}V
tighttrounce@mac.com,lUna;cies
offhandlout@gmx.com,~'445h2qy7@[
fremdroxane@yahoo.co.uk,paiks2
shrewdbonita@mac.com,brazenn@Ess
teentosh@att.net,=P?7e^EaJZ^w7
checkedjolanda@email.com,womans
aptlyhauls@live.com,cysts6
bitliapis@hotmail.co.uk,bylaw2
miffedmack@comcast.net,swirls
thrawlarae@comcast.net,ouch24
swithblears@hotmail.co.uk,prompt
wheretusk@verizon.net,wold09
faintermelinda@att.net,AsX;@9SCb8N=0
choosynoon@hotmail.co.uk,mensT/ruum
damnseaway@me.com,crays9
cladmohels@msn.com,extractaN(ts
milewraps@mac.com,lac}Toscopes
searsanto@gmail.com,incline
hoarseramona@verizon.net,8raZ'&F<%[3(
peevedmaynard@gmx.com,spam10
shysalvador@yahoo.com,Dq87}v4GV4`C)#
spiralrants@verizon.net,m43<16y2]528)
cliqueysamii@att.net,fLo;tilla
crasskerry@mac.com,cal:Ipees
latestmend@mail.com,pa}pyRus6
alloutruns@yahoo.com,doldrums
kitschpipelines@msn.com,lawlesSne'ss
puirmariana@email.com,mohurs
sixthglenda@gmail.com,JaP=14314"96
rakedhyman@gmx.com,29B]Um/^^~v11
loungingakey@yahoo.com,aR}biter0
jiggishthumb@comcast.net,crimp4
yeldmina@email.com,@LFB/P(YET<j%
crossedprison@me.com,96&(9Ey=d>1^
runedlee@comcast.net,tithes
trimivette@hotmail.com,%io][?'@32/[
roastguardino@gmx.com,]/otwE@4/6}V"7
leftjuliet@aol.com,s}Epulture
quackdirk@yahoo.co.uk,%~6YS5|m123o4=
limpjolyn@yahoo.co.uk,r=X:+b%ey3ZG[
spiredlajuana@hotmail.com,naif18
sizywojciechowski@gmail.com,'matrIarch
rodlessdeinert@yahoo.co.uk,aune81
stuffedjacinda@live.com,h7|;g+/uB5:+
heighclair@yahoo.co.uk,/zM]gq2)K8%.
buffgilbert@aol.com,halot;haNe
harshhosea@mail.com,";41I}U=`+|z7
hetdeloris@gmx.com,barrenWo.rts
knickeredquilt@comcast.net,Ti1"P(6{K"[^%2
refermaryalice@email.com,jinn91
promptclementina@gmail.com,Deviltr#y
bumlouise@me.com,ball)oNets
worsepaws@verizon.net,YY:6"H0Asnmd
earedleila@yahoo.com,way212
tressuredwees@email.com,patrolmA+n
dryerdures@email.com,[41;YM7"`B!%)"
lownzuvich@gmx.com,frond7
toedsplatter@hotmail.co.uk,uropO<ds8
mobsstales@mail.com,eaTery3:5
besidesolve@comcast.net,=Myograph
hetkansas@hotmail.co.uk,;A[3069Z96H{
brutelincoln@mac.com,chandlE(ry
webbedvince@me.com,((Bysd}!8'=e!
glarekevin@yahoo.com,}0)1gX^'3PY@
larksmites@yahoo.com,closers
slieresta@verizon.net,`vIlladom
gravestaehle@gmail.com,shrine
manedjenifer@live.com,T85}30y$pA($
damnyawns@verizon.net,=.9HJ5);7%"'
featbrittani@email.com,cubist
scorchedramal@att.net,tardI}grades
cheekjoy@email.com,flakes
sovrandunks@me.com,Ztd|n5yj12+<~
tumelois@gmail.com,lIai|sons
diffuseserf@mac.com,/89!x"[!8E@7
glareherb@verizon.net,way932
loudsward@me.com,l)%{?t9+7&.48
archjannette@yahoo.com,slavey
lichtcrapes@hotmail.co.uk,S1[Sa]348w"5vE
botheusebio@aol.com,exEget&es
lotsskelp@msn.com,bathyscaPh+e
shrunkgobbet@me.com,vieWfinde}rs
funkedandrea@yahoo.com,)6a]0%u'/M=D5X
popstyree@hotmail.com,1h]UT'27)#%v{6
likeslap@email.com,touchings
flownscull@gmx.com,056$>kH?><731
mailedok@mac.com,shyster
sentreagin@att.net,pry378
direantonio@comcast.net,sev;Eries
froretennille@yahoo.com,s#ymbioNt
lownmunshis@verizon.net,1;mk(#N;GB46x
referharvey@aol.com,0.'=w0Xw<}4~
foucleo@hotmail.co.uk,O7RyD.52{:nc
bungahmed@aol.com,tore53
staunchalethia@yahoo.co.uk,chard3
woundparis@verizon.net,)f48"Jc8;^/5
lotssputters@gmx.com,l0<:F!.<J8"D
mownchhim@msn.com,casIn[o23
scrimpfallo@mail.com,7.298)xt`5{$)
spruceissac@me.com,smashers
sincemince@gmail.com,t"Ransporter
foolshirlene@hotmail.co.uk,bargepole
advisedsoper@msn.com,blocKb>uster
saidcaro@gmail.com,g13"W7;`3=8=0u
modlavonna@yahoo.com,!paRison6
likedarn@msn.com,`7"'6!dd(43?Pw
thwartokay@msn.com,y89<8r9?8uA<Z
giltmarion@hotmail.co.uk,flick6
derenympho@mail.com,.jelLying
pubicbezner@aol.com,cerements
girtthornberry@verizon.net,Y07t53}4L/{X8
cleaneloisa@email.com,headnotes
kraalroma@mail.com,dwaRfishnes$s
gaucheshaun@live.com,0@~|F]e0$7"V7t
untombedpriem@hotmail.co.uk,B4#shB9Gd7.)FU
cauldjon@mail.com,t+amaRa31
deftjamey@hotmail.co.uk,|p'=V(:qqX>=
slungtonk@me.com,sooths
trussednoble@att.net,8;Yv1/{R93NG~1
bunggladis@mail.com,asterOi}d
hereearney@att.net,zR0#4t1e~8O$
mattedegenaro@yahoo.co.uk,79:4}68$6"y.=6
elmyfrederico@email.com,twill3
hurtvada@msn.com,humps9
dashcroon@hotmail.co.uk,$k'h3Xm8DU{c
oughtchants@gmail.com,triptychs
surejamie@msn.com,whangs
wheeledshard@mac.com,gowks8
curstrona@mac.com,q19@s""$r5mH
moirejeffry@yahoo.com,q)|9F6Rc~3u1BK
sometimesbates@comcast.net,21?89}n3I>^sN
sleekjouks@hotmail.com,z|incOgraph
sadelenora@email.com,+MI3{mr</d6+9
ginneddomenic@gmail.com,deil51
voguequince@aol.com,>kE(#59#4!5;oQ
blestheman@aol.com,givings
sizeanibal@verizon.net,Cyclama:tes
possessedbryans@email.com,xYlo]phage
dimjesus@live.com,poop45
proudjives@hotmail.com,suboffi&Ce
hexvernetti@yahoo.com,cOnodont]s
slantloupes@me.com,dogman
bloodshotboris@hotmail.com,r1^~6Th=zHi6
panedirmgard@email.com,I`mposers
peartjordan@aol.com,layings
skinnedyolonda@email.com,C:}i0~Kw+hw[
enragedazzarella@yahoo.co.uk,I%6h8i4s4{v!62
superhugo@hotmail.co.uk,coNson]ants
fameddane@hotmail.com,8{[=#0>38b#3$
queermac@aol.com,droops
boiledsiebeneck@yahoo.com,&&P836D15~(E;
thingostomski@hotmail.co.uk,42v)<<%?d$+"w
triedpaik@comcast.net,penning
shrewdrickle@yahoo.com,s8+2=x'81z7RV
nextlowe@yahoo.com,/$Q.}43I84s3
skinnedtheist@gmail.com,nailer
thwartsponholz@comcast.net,mi!sfeasOrs
sprylycreep@live.com,suqs57
tiercedtosha@att.net,slicings
skewskellum@yahoo.com,federalis
anemissy@att.net,j316X[BPz0>/%&
enrapthlad@verizon.net,|6;76p00U!?~r
schlockmarlena@aol.com,winch2
howlingrave@verizon.net,litho4
squintblake@aol.com,chinches
palpatelofty@live.com,'oveRbuy1
tauntmarci@yahoo.co.uk,headpiece
rashredwood@yahoo.co.uk,all983
toothedorval@aol.com,quibble
sweptfelicia@gmail.com,bloc38
heighrestyles@comcast.net,9G{?)255mU|0
smackpellets@att.net,~;I^q}wV'u6I"j
lippedmabelle@email.com,bo#okishNess
dinkinabnit@email.com,`Y%/s$!8uVu}<
mustkendrick@email.com,bilges
coolerrol@gmx.com,grayling
buckedhoward@email.com,spoof0
rimlessvaldiviezo@msn.com,paPerb;acks
poshcopes@yahoo.com,;G@l=}5`{(9t60
nighsuite@aol.com,alecosts
vagueowen@mac.com,verism
ultlenore@yahoo.com,snips0
donejackie@hotmail.com,}codetTa7
neshwens@comcast.net,probe2
wailinglashlee@msn.com,7S2.#!6h02[e'5
hookedroger@mail.com,azoth5
slatejulianna@mac.com,canikI|n5
urnfielddoorley@gmail.com,payers
overfares@yahoo.com,thousandt
squarelycrock@yahoo.co.uk,ethmoid
skeighmatilda@mail.com,su)bmaRine
howscrawls@att.net,@8~[6@vFF0s3
needsfledging@msn.com,<!4135H8)m(]
grabsung@gmx.com,tais36
barestnevels@gmail.com,sleepInes!s
awfulpecos@aol.com,}g<)S678!9KT9T
tiercedmyrna@verizon.net,piggis"Hness
nearmoira@mac.com,swigger
nonepray@yahoo.co.uk,chair+wOman
daftandra@mail.com,dhals7
wavedstevens@comcast.net,%.4^9M='1J^{8
laithharriett@comcast.net,|c.!{1I1w!0>Db
zonkedotto@gmail.com,Hoo{ligan
stringedbarton@yahoo.com,crummy
limpsterns@yahoo.com,mannikIn^s
fluentthilges@aol.com,asthma
poshgelt@gmx.com,gatefolds
dernate@mac.com,%creaTine
demurepraams@aol.com,~;8^gDEAi;38#
roantracey@aol.com,>+Ux;ZQ{H9[5
bookishvascocu@gmail.com,damse+lfLies
heighiluminada@msn.com,`=V~'M@+f58/>
ridtamekia@email.com,(gawkiNess
twinpipes@verizon.net,Xd$7P'Q~r.2m
yauldironhorse@gmail.com,lox644
versedcorine@hotmail.com,comp12
leavedakers@gmx.com,xp/@&m9o~16u^
elsehits@gmail.com,Paj}ama65
shrillshanelle@mac.com,suitings
straitlychirre@hotmail.co.uk,%rebapTism
pouchedjack@yahoo.com,oars70
aholdlave@yahoo.com,r;hiZomorph
pentpoise@msn.com,>reAtas84
daftsteve@yahoo.co.uk,app[roveRs
archburt@hotmail.co.uk,7+1^1"YNf<=~[
milledrobida@verizon.net,|vS6.TB;a2)#2
rangedbenedict@comcast.net,thraves
foredrizzles@email.com,r84&|@02mRj]S
outcastenims@me.com,brushwood
paleemory@email.com,megaLi=th
tiledjo@mail.com,=@7q!$14L[|`3~
fremdhermelinda@me.com,ma!trIces
boughtwilburn@gmx.com,"V/BEIh+A0&{1j
quaretheresia@gmail.com,6l`387|9E<?"
agingisiminger@aol.com,cirri1
rathena@msn.com,fail89
lippedmichel@hotmail.com,Qu(atrefoils
chirkcandida@verizon.net,twite8
naughtshoer@gmx.com,c%anElla0
lotstubbing@aol.com,wauk21
weegerardo@yahoo.com,treads
thatgats@email.com,hatc}Heries
curstspadework@gmx.com,splint
lowseweldon@hotmail.co.uk,@@JN{(cD84L`6
broguishtarp@gmx.com,Mini|skirt
tautchase@verizon.net,=Y3;%{`]I7ygV
crackedcaschrom@live.com,H062u]c8865/
damnoutrate@email.com,56KZ'6nz!.9c
fourthlymote@gmx.com,spoor9
doomsshrives@gmx.com,R9<83fgz~m4F{>
profoundgash@verizon.net,9b(+8"$gXOLI
stonedvalentin@mail.com,{:?/2>x"/WD'7
closestknows@yahoo.com,terne8
meekfavro@live.com,dollies
soleirena@mail.com,?cbx@n522t#}
bloomlessewer@yahoo.com,fu^rfUran
twinmarceline@comcast.net,Vanquishme.nt
smashluge@att.net,@tj!14r8qu|v
eighthcraters@live.com,V5urEF#%#{;9
plumbuptears@gmail.com,=Q5>$+KJ18L4
downstreamsleeks@gmx.com,%^[(m5g+U98~
teenbleep@mail.com,ufo088
beastlysqualls@hotmail.co.uk,eMb$raceor
tauntcarola@gmx.com,f&Eightliners
sincerestores@aol.com,pyxes0
chancecullets@mail.com,apPr'over
theresplodge@email.com,creesh
primrightnour@me.com,n~#A(56L]7[0
stackedjanita@aol.com,t6Q0@%f>~;"c
crutchedtalia@aol.com,year38
trimmurmurs@msn.com,curtains
shapedstyles@verizon.net,im^portaNce
primjamie@yahoo.com,smolt5
eftpiffles@msn.com,F31w&`:5?69J
cowledmichale@live.com,Com{mittee
bakedgrump@me.com,sedIm|ent
gunnedjosh@yahoo.co.uk,t+@"$y>7f9`6
bragpropines@hotmail.com,c1/Rf07>Z;5o
milledtawana@yahoo.co.uk,b&iliouSness
stoppedleaders@email.com,songwrIt!ers
dryerdeberry@yahoo.com,;9#!&l3Q.9'4X
tinnedjean@email.com,!vibraphOne
slantwisemend@aol.com,moonraK:er
touchedbuford@mac.com,m7N(!;6E`8m/
woozierincog@live.com,golf87
touchedfrances@live.com,~annuLets
echtzelma@mail.com,pulleys
brawbrice@msn.com,cwms03
yorewomans@mail.com,Fetic=ides
swarthskink@me.com,?/I81Y~a+mz"
altjohna@aol.com,spurns
flattishcohee@aol.com,thyl<acinEs
urgentvenosh@aol.com,sAl;uter2
millednieves@me.com,fW&67mj.>)"c
staunchiluminada@gmail.com,tD:4<`~5>@0@15
plumbevades@yahoo.com,sixte4
slumskobiak@verizon.net,i^ntroIts
doiledsydney@live.com,priMero=5
skeighgyps@comcast.net,>0O7Ky?l[=P68
lownhilary@msn.com,l|epTotene
spickchurnings@att.net,s"tatioNer
bleartrapeze@verizon.net,"y9>e8^]x2!Z6[
superluetta@msn.com,woodland
bothtai@yahoo.com,b]ugloSses
thereforefought@yahoo.co.uk,e~4;kw8^|.1T(
waycollects@hotmail.com,bi[ckeRing
waletoad@aol.com,5.h{!~'<a$4v7
hoarsehermina@yahoo.com,6jm0"36a$672
logrickey@att.net,m+odicUms
starredjells@hotmail.com,blets3
subtilegouzy@yahoo.com,scunges
bullishstapleford@live.com,fighter
scorchednanette@hotmail.com,20{p9(4{';D0
tameespinal@live.com,c$!'<315&.]6
mattemindi@msn.com,raths3
jiggishstenstrom@email.com,}g.(5mx!o!SM"
slimmingcaito@hotmail.com,69;91P.=+m8R
bentlavon@mail.com,heTae%risms
crutchedhuong@yahoo.com,pace26
neapyun@me.com,wrybill
flittingalway@mail.com,ciphers
livedamos@yahoo.co.uk,Billabon)g
driedcordie@gmail.com,foolscap
skeighenoch@live.com,beastings
coarsestdargis@aol.com,splices
hewnsydney@email.com,bonne4
unsealedmortland@verizon.net,wase56
moonedtoll@yahoo.com,[2m}r~g}n$.}A)
scantart@me.com,galloP%ers
batteredkistler@email.com,sa;cAton3
newlyhets@hotmail.co.uk,@chromAtin
bungjinks@att.net,hoys48
wingeddorian@comcast.net,module
drunkplunges@hotmail.com,grogs2
renownedfan@aol.com,deadheads
nudesquander@hotmail.co.uk,#7~7EuZ3A7S6%l
triedcarrol@email.com,5^8Y6M0A$A0]2#
brusqueblackmails@mac.com,symP[tosis
heldlorina@me.com,$8lw6}3}F<{qK
chillhannelore@aol.com,>D~@0#07aox?T4
wudraiser@aol.com,!deCadent
tauttonie@mac.com,j%ointResses
trussedorles@email.com,crankle
auldbethany@email.com,isotH/ere
schlockmax@me.com,7uF$UqDv9|ZQ<&
broodhysons@comcast.net,7+6>4@]R05vr
thrulucien@yahoo.co.uk,A)(`6.1:+j~^)
finelywert@me.com,ta!boRets
weekacy@hotmail.co.uk,trAn%slators
hewnhobert@comcast.net,tews12
plumpwindburns@me.com,redUce)rs
twilldevorah@gmx.com,(+>.2){Ah582
mobdraghi@gmx.com,#8==8h{9<o]W~
blaegurtner@live.com,sultaNsh^ip
skeighskatings@msn.com,mattins
thisdegusts@verizon.net,fitfuLne)ss
gilternie@me.com,orfe28
tartabe@hotmail.com,vibRis}sa
jimpwally@gmx.com,biO!scope
squabyung@aol.com,mo;Neyers
dreecalifs@comcast.net,2K{Yt<0eQ[`=
glacialyowl@gmail.com,cysTocele!s
burnedbaseballs@mac.com,4#$]tErd3~U@(
kemptshiba@msn.com,glue29
fructedharsch@yahoo.co.uk,complice
plunkunseat@aol.com,v@4Pcph>:(;y
dreeivan@yahoo.com,caL!umet1
litfallon@gmx.com,eneRg[id9
nopegloat@aol.com,ma$nganItes
archulysses@yahoo.co.uk,e1[%81$]8'&<9$
mustmason@hotmail.com,B6zV^.|&3|.2
lamejacquelyne@hotmail.com,frustules
darnperry@live.com,&'z=6|46"k0='
dashsheiks@mail.com,croakers
lessmanual@mail.com,sheathes
burredval@comcast.net,smasher
chastekimberely@gmx.com,`sibilAnt
glacialmats@yahoo.com,peR>imorphs
outdoorsdaffs@verizon.net,Win>diness
yoreflout@msn.com,b^reezinEss
weejacinto@gmail.com,toweLi]ng
fewian@msn.com,)!43T>4zN&F@xO
howscunges@mac.com,Senescenc]e
sthenicmerana@aol.com,HlH<<395^^#8
wiredstalworth@me.com,firebombs
tamejulie@me.com,marauD<ing
scarceavery@mac.com,trews6
soleshelli@yahoo.co.uk,P}Sp69"b>0)296
weeklygevedon@gmx.com,baCt^eroid
loathfuldrib@mac.com,blamEfuln!ess
sparewoodcock@mac.com,chiLiarc)h
eyedverla@gmx.com,5R""8:>w398f
flownsandie@me.com,anti(tradEs
fliprosalinda@yahoo.com,9~C'5At48f}}H
fatbuck@att.net,trolls
lewdlysnores@live.com,gLoo$miness
thenhurries@email.com,monarch
slungcoral@gmx.com,de=cadEnt
seemlysquibs@yahoo.com,digraph
boiledhassan@me.com,H09uYq""$25k^E
todayprate@yahoo.com,O#4u?xv$3:NX<T
incogcharks@email.com,ballet
tenthnichelle@hotmail.com,Cam'ouflet
artfuldepolito@gmail.com,lacks3
onceeleni@comcast.net,I7E8rP6&zz3(
goddamnshill@verizon.net,]ceDulas9
toughdevona@hotmail.co.uk,calcars
mobspelts@comcast.net,stickups
duckietonge@gmail.com,routes
glumjanessa@yahoo.co.uk,1=F!!eC30PQ][
glibawn@yahoo.co.uk,`4a@33z]c5;1B
smokedmercedes@hotmail.co.uk,!D275Ea"2+FU
nightores@verizon.net,tilths
foggedahmad@live.com,verts3
cleanisaias@email.com,8e>8;30+23I#]
trimgleams@live.com,bOmbazi/nes
frailwilliam@gmail.com,Ef>fleurage
dreecharlie@me.com,^mElaphyre
sweptkhim@yahoo.com,bodgie
dishedcanful@att.net,%@DX369>J!=74
largestdoor@msn.com,997qN3hL5&'+
peatyjaworowski@yahoo.co.uk,:S}>749{wJ6S
chargededison@comcast.net,fleshes
lievebruits@email.com,A:.l!1|6V?0=&
skimcharleen@mac.com,a@dSorptions
gruffcruz@me.com,slather
lonehick@comcast.net,sculps
lodgedeloisa@gmail.com,a$larUms0
wershsleights@msn.com,compo=Ser
bloomedmadeleine@live.com,Infracto~r
sizedrenee@mac.com,guiro4
naywhish@aol.com,wharfa+Ges
hextammi@hotmail.com,crones
feignedrayford@mail.com,peace$maKers
loudhex@gmx.com,YG'$t/>qy4`[x
dreecraig@mail.com,koto14
pregnantswoosh@gmail.com,chIeftai!cies
fundedsnyders@verizon.net,toes78
batsgladwell@email.com,M+<Z592e58^1
twelfthalmeda@aol.com,pulsoj/Et
ghaststacey@verizon.net,ism782
aftangel@email.com,aux|Esis6
ruttedoddo@mail.com,5Rr8=G^9+2hu[
luxewilber@yahoo.co.uk,cemEn`tum
tooyawp@aol.com,@+2)06O@S;|FF{
dimbregantini@yahoo.com,treys5
mellowspy@verizon.net,7#??z8uxL74(#
finnedrhett@yahoo.co.uk,phon00
engrailedservantez@gmx.com,tFW6;44']07o
crownedjade@comcast.net,4T&"{I{T7z4I7:
fiercelydole@comcast.net,waggle
mairarmanda@email.com,14^47)(]K{4"
farulysses@att.net,U"?:^&64e{qF
mobkari@mail.com,>a&PW8TV6!^~5
kindgrunters@gmx.com,diS"counter
plaidedwhoop@me.com,treads
trimdreama@hotmail.com,C4#;[/3;64u7<1
blahwilliemae@hotmail.co.uk,baNdico.ot
thwartjerald@email.com,Bt?s8{11ciL('r
duetogging@yahoo.co.uk,sulphates
stricthalpin@live.com,IBWx3<Kv^5~2)3
retiredhern@email.com,incline
thickpetrouits@gmx.com,2I5uC#0057#02
geyfag@yahoo.co.uk,gR]eengages
toldarvilla@yahoo.co.uk,brogues
skimesteban@me.com,Be%llyful
mesnejayson@msn.com,O15[`2!84?}!
zonkedignacia@aol.com,auto48
leavedfreddy@yahoo.co.uk,pseudoscop|Es
duskcecil@mail.com,score7
haskmichal@verizon.net,Gynoph?ore
boundathena@yahoo.com,$[d{48"9@Q3&
sowncarp@email.com,latch8
briefara@comcast.net,>stEnciller
archchristian@hotmail.com,lamin$aTes
leftconfused@comcast.net,6'W'}O9":6q0
boarishflan@mail.com,rails8
erstghosts@verizon.net,sUb(tlety
buckeddacia@mac.com,cents5
foulopper@yahoo.com,diplonts
bungdews@att.net,{fT3}@=1K!Z`[
sixthnoella@comcast.net,co<nsIgnor
bentcimeno@msn.com,r`omAntic
foggedbacklogs@yahoo.com,subscript
swepttresa@comcast.net,U+589^'4/m}}0
stalephilomena@att.net,&J9?87u57@@8
toothedfrederica@verizon.net,fragRantnes#s
domedtyson@gmx.com,aRcani#st
misformedfits@verizon.net,Heri"ot04
